{"data": [{"ObjectIdentifier": "S-1-5-21-1993283815-505660078-962826126", "Properties": {"name": "TDL.COM", "domain": "TDL.COM", "domainsid": "S-1-5-21-1993283815-505660078-962826126", "distinguishedname": "DC=TDL,DC=COM", "description": "", "functionallevel": "2016", "highvalue": true, "whencreated": 1588659242}, "Trusts": [], "Aces": [{"RightName": "Owns", "IsInherited": false, "PrincipalSID": "TDL.COM-S-1-5-32-544", "PrincipalType": "Group"}, {"RightName": "GetChanges", "IsInherited": false, "PrincipalSID": "S-1-5-21-1993283815-505660078-962826126-1603", "PrincipalType": "User"}, {"RightName": "GetChanges", "IsInherited": false, "PrincipalSID": "S-1-5-21-1993283815-505660078-962826126-1110", "PrincipalType": "User"}, {"RightName": "GetChanges", "IsInherited": false, "PrincipalSID": "S-1-5-21-1993283815-505660078-962826126-498", "PrincipalType": "Group"}, {"RightName": "GetChanges", "IsInherited": false, "PrincipalSID": "S-1-5-21-1993283815-505660078-962826126-3583", "PrincipalType": "User"}, {"RightName": "GetChangesAll", "IsInherited": false, "PrincipalSID": "S-1-5-21-1993283815-505660078-962826126-516", "PrincipalType": "Group"}, {"RightName": "GetChangesAll", "IsInherited": false, "PrincipalSID": "S-1-5-21-1993283815-505660078-962826126-1603", "PrincipalType": "User"}, {"RightName": "GetChangesAll", "IsInherited": false, "PrincipalSID": "S-1-5-21-1993283815-505660078-962826126-1110", "PrincipalType": "User"}, {"RightName": "GetChangesAll", "IsInherited": false, "PrincipalSID": "S-1-5-21-1993283815-505660078-962826126-3583", "PrincipalType": "User"}, {"RightName": "GetChangesInFilteredSet", "IsInherited": false, "PrincipalSID": "TDL.COM-S-1-5-32-544", "PrincipalType": "Group"}, {"RightName": "GetChanges", "IsInherited": false, "PrincipalSID": "TDL.COM-S-1-5-32-544", "PrincipalType": "Group"}, {"RightName": "GetChangesAll", "IsInherited": false, "PrincipalSID": "TDL.COM-S-1-5-32-544", "PrincipalType": "Group"}, {"RightName": "GetChangesInFilteredSet", "IsInherited": false, "PrincipalSID": "TDL.COM-S-1-5-9", "PrincipalType": "Group"}, {"RightName": "GetChanges", "IsInherited": false, "PrincipalSID": "TDL.COM-S-1-5-9", "PrincipalType": "Group"}, {"RightName": "WriteOwner", "IsInherited": false, "PrincipalSID": "S-1-5-21-1993283815-505660078-962826126-512", "PrincipalType": "Group"}, {"RightName": "AllExtendedRights", "IsInherited": false, "PrincipalSID": "S-1-5-21-1993283815-505660078-962826126-512", "PrincipalType": "Group"}, {"RightName": "WriteDacl", "IsInherited": false, "PrincipalSID": "S-1-5-21-1993283815-505660078-962826126-512", "PrincipalType": "Group"}, {"RightName": "GenericAll", "IsInherited": false, "PrincipalSID": "S-1-5-21-1993283815-505660078-962826126-519", "PrincipalType": "Group"}, {"RightName": "WriteOwner", "IsInherited": false, "PrincipalSID": "TDL.COM-S-1-5-32-544", "PrincipalType": "Group"}, {"RightName": "AllExtendedRights", "IsInherited": false, "PrincipalSID": "TDL.COM-S-1-5-32-544", "PrincipalType": "Group"}, {"RightName": "WriteDacl", "IsInherited": false, "PrincipalSID": "TDL.COM-S-1-5-32-544", "PrincipalType": "Group"}], "Links": [{"IsEnforced": false, "GUID": "11254CFE-B0E9-4AF5-B9E0-996750BE5D32"}], "ChildObjects": [{"ObjectIdentifier": "71974B19-3ADA-452D-AF11-DFBBECE2EC4F", "ObjectType": "Container"}, {"ObjectIdentifier": "922D60CE-DBFB-41A4-8A9F-9C37FB37B787", "ObjectType": "OU"}, {"ObjectIdentifier": "D7F3D7C7-30A1-43B2-A1B3-28FA2553A641", "ObjectType": "OU"}, {"ObjectIdentifier": "B2A4C23D-0B68-4F8F-BEC1-826BD40A0C71", "ObjectType": "Container"}, {"ObjectIdentifier": "31A0A6DE-3798-4BF4-A033-4DAE962A120D", "ObjectType": "OU"}, {"ObjectIdentifier": "3244D8F8-55B5-43FE-A93E-8E95F9631E52", "ObjectType": "Container"}, {"ObjectIdentifier": "5F2FB3DD-2968-4E7D-90EB-337D37DFDAAA", "ObjectType": "OU"}, {"ObjectIdentifier": "C4874594-AAD7-4748-8959-60B9FB5237D7", "ObjectType": "Container"}, {"ObjectIdentifier": "D727A0F3-EFA0-41D9-87C5-488E8C3896FD", "ObjectType": "OU"}, {"ObjectIdentifier": "AEE3151B-5EE2-42A2-A232-052F1596F2D9", "ObjectType": "OU"}, {"ObjectIdentifier": "6CA51B34-2744-450F-85C1-56C51E94D8DA", "ObjectType": "OU"}, {"ObjectIdentifier": "B23EC662-BD6E-414C-BF24-1D4F156BDB05", "ObjectType": "OU"}, {"ObjectIdentifier": "77FDE796-0BBD-4A6C-806D-1D4C1D61B354", "ObjectType": "Container"}, {"ObjectIdentifier": "51DA0AA5-3B79-498A-B8B4-C79A7F86869C", "ObjectType": "OU"}], "GPOChanges": {"AffectedComputers": [], "DcomUsers": [], "LocalAdmins": [], "PSRemoteUsers": [], "RemoteDesktopUsers": []}, "IsDeleted": false, "IsACLProtected": false}], "meta": {"type": "domains", "count": 1, "version": 5}}