{"data":[{"ObjectIdentifier": "AB82875E-63E0-4960-ADE4-BB1BFCD0810B", "Properties": {"domain": "TDL.COM", "name": "IEEE80211@TDL.COM", "distinguishedname": "CN=IEEE80211,CN=WINDOWS,CN=MICROSOFT,CN=MACHINE,CN={F5DC521B-0281-4DE9-8E31-16EF13067C27},CN=POLICIES,CN=SYSTEM,DC=TDL,DC=COM", "domainsid": "S-1-5-21-1993283815-505660078-962826126", "highvalue": false, "description": "", "whencreated": 1629186957}, "IsDeleted": false, "IsACLProtected": false, "Aces": [{"RightName": "Owns", "IsInherited": false, "PrincipalSID": "S-1-5-21-1993283815-505660078-962826126-512", "PrincipalType": "Group"}, {"RightName": "GenericAll", "IsInherited": false, "PrincipalSID": "S-1-5-21-1993283815-505660078-962826126-512", "PrincipalType": "Group"}, {"RightName": "WriteOwner", "IsInherited": true, "PrincipalSID": "S-1-5-21-1993283815-505660078-962826126-512", "PrincipalType": "Group"}, {"RightName": "WriteDacl", "IsInherited": true, "PrincipalSID": "S-1-5-21-1993283815-505660078-962826126-512", "PrincipalType": "Group"}, {"RightName": "WriteOwner", "IsInherited": true, "PrincipalSID": "S-1-5-21-1993283815-505660078-962826126-519", "PrincipalType": "Group"}, {"RightName": "WriteDacl", "IsInherited": true, "PrincipalSID": "S-1-5-21-1993283815-505660078-962826126-519", "PrincipalType": "Group"}], "ChildObjects": []},{"ObjectIdentifier": "DA32C363-C3BF-4531-A63D-2392F4A3C2D2", "Properties": {"domain": "TDL.COM", "name": "WINDOWS@TDL.COM", "distinguishedname": "CN=WINDOWS,CN=MICROSOFT,CN=MACHINE,CN={F5DC521B-0281-4DE9-8E31-16EF13067C27},CN=POLICIES,CN=SYSTEM,DC=TDL,DC=COM", "domainsid": "S-1-5-21-1993283815-505660078-962826126", "highvalue": false, "description": "", "whencreated": 1629186957}, "IsDeleted": false, "IsACLProtected": false, "Aces": [{"RightName": "Owns", "IsInherited": false, "PrincipalSID": "S-1-5-21-1993283815-505660078-962826126-512", "PrincipalType": "Group"}, {"RightName": "GenericAll", "IsInherited": false, "PrincipalSID": "S-1-5-21-1993283815-505660078-962826126-512", "PrincipalType": "Group"}, {"RightName": "WriteOwner", "IsInherited": true, "PrincipalSID": "S-1-5-21-1993283815-505660078-962826126-512", "PrincipalType": "Group"}, {"RightName": "WriteDacl", "IsInherited": true, "PrincipalSID": "S-1-5-21-1993283815-505660078-962826126-512", "PrincipalType": "Group"}, {"RightName": "WriteOwner", "IsInherited": true, "PrincipalSID": "S-1-5-21-1993283815-505660078-962826126-519", "PrincipalType": "Group"}, {"RightName": "WriteDacl", "IsInherited": true, "PrincipalSID": "S-1-5-21-1993283815-505660078-962826126-519", "PrincipalType": "Group"}], "ChildObjects": []},{"ObjectIdentifier": "AAC5096B-96A3-4D5C-87FF-961361DEAD95", "Properties": {"domain": "TDL.COM", "name": "MICROSOFT@TDL.COM", "distinguishedname": "CN=MICROSOFT,CN=MACHINE,CN={F5DC521B-0281-4DE9-8E31-16EF13067C27},CN=POLICIES,CN=SYSTEM,DC=TDL,DC=COM", "domainsid": "S-1-5-21-1993283815-505660078-962826126", "highvalue": false, "description": "", "whencreated": 1629186957}, "IsDeleted": false, "IsACLProtected": false, "Aces": [{"RightName": "Owns", "IsInherited": false, "PrincipalSID": "S-1-5-21-1993283815-505660078-962826126-512", "PrincipalType": "Group"}, {"RightName": "GenericAll", "IsInherited": false, "PrincipalSID": "S-1-5-21-1993283815-505660078-962826126-512", "PrincipalType": "Group"}, {"RightName": "WriteOwner", "IsInherited": true, "PrincipalSID": "S-1-5-21-1993283815-505660078-962826126-512", "PrincipalType": "Group"}, {"RightName": "WriteDacl", "IsInherited": true, "PrincipalSID": "S-1-5-21-1993283815-505660078-962826126-512", "PrincipalType": "Group"}, {"RightName": "WriteOwner", "IsInherited": true, "PrincipalSID": "S-1-5-21-1993283815-505660078-962826126-519", "PrincipalType": "Group"}, {"RightName": "WriteDacl", "IsInherited": true, "PrincipalSID": "S-1-5-21-1993283815-505660078-962826126-519", "PrincipalType": "Group"}], "ChildObjects": []},{"ObjectIdentifier": "EEA31B31-D428-4853-8A9F-07FF91185D49", "Properties": {"domain": "TDL.COM", "name": "IEEE8023@TDL.COM", "distinguishedname": "CN=IEEE8023,CN=WINDOWS,CN=MICROSOFT,CN=MACHINE,CN={CBAF32E3-8A8B-4674-8115-3F187BD1384A},CN=POLICIES,CN=SYSTEM,DC=TDL,DC=COM", "domainsid": "S-1-5-21-1993283815-505660078-962826126", "highvalue": false, "description": "", "whencreated": 1629179880}, "IsDeleted": false, "IsACLProtected": false, "Aces": [{"RightName": "Owns", "IsInherited": false, "PrincipalSID": "S-1-5-21-1993283815-505660078-962826126-512", "PrincipalType": "Group"}, {"RightName": "GenericAll", "IsInherited": false, "PrincipalSID": "S-1-5-21-1993283815-505660078-962826126-512", "PrincipalType": "Group"}, {"RightName": "WriteOwner", "IsInherited": true, "PrincipalSID": "S-1-5-21-1993283815-505660078-962826126-512", "PrincipalType": "Group"}, {"RightName": "WriteDacl", "IsInherited": true, "PrincipalSID": "S-1-5-21-1993283815-505660078-962826126-512", "PrincipalType": "Group"}, {"RightName": "WriteOwner", "IsInherited": true, "PrincipalSID": "S-1-5-21-1993283815-505660078-962826126-519", "PrincipalType": "Group"}, {"RightName": "WriteDacl", "IsInherited": true, "PrincipalSID": "S-1-5-21-1993283815-505660078-962826126-519", "PrincipalType": "Group"}], "ChildObjects": []},{"ObjectIdentifier": "76D48648-9C4F-406E-A0A1-7B91D4EFA3D5", "Properties": {"domain": "TDL.COM", "name": "IEEE80211@TDL.COM", "distinguishedname": "CN=IEEE80211,CN=WINDOWS,CN=MICROSOFT,CN=MACHINE,CN={CBAF32E3-8A8B-4674-8115-3F187BD1384A},CN=POLICIES,CN=SYSTEM,DC=TDL,DC=COM", "domainsid": "S-1-5-21-1993283815-505660078-962826126", "highvalue": false, "description": "", "whencreated": 1629179668}, "IsDeleted": false, "IsACLProtected": false, "Aces": [{"RightName": "Owns", "IsInherited": false, "PrincipalSID": "S-1-5-21-1993283815-505660078-962826126-512", "PrincipalType": "Group"}, {"RightName": "GenericAll", "IsInherited": false, "PrincipalSID": "S-1-5-21-1993283815-505660078-962826126-512", "PrincipalType": "Group"}, {"RightName": "WriteOwner", "IsInherited": true, "PrincipalSID": "S-1-5-21-1993283815-505660078-962826126-512", "PrincipalType": "Group"}, {"RightName": "WriteDacl", "IsInherited": true, "PrincipalSID": "S-1-5-21-1993283815-505660078-962826126-512", "PrincipalType": "Group"}, {"RightName": "WriteOwner", "IsInherited": true, "PrincipalSID": "S-1-5-21-1993283815-505660078-962826126-519", "PrincipalType": "Group"}, {"RightName": "WriteDacl", "IsInherited": true, "PrincipalSID": "S-1-5-21-1993283815-505660078-962826126-519", "PrincipalType": "Group"}], "ChildObjects": []},{"ObjectIdentifier": "04780E35-3AC5-4FF8-AD5D-F77D33CA1CC4", "Properties": {"domain": "TDL.COM", "name": "WINDOWS@TDL.COM", "distinguishedname": "CN=WINDOWS,CN=MICROSOFT,CN=MACHINE,CN={CBAF32E3-8A8B-4674-8115-3F187BD1384A},CN=POLICIES,CN=SYSTEM,DC=TDL,DC=COM", "domainsid": "S-1-5-21-1993283815-505660078-962826126", "highvalue": false, "description": "", "whencreated": 1629179668}, "IsDeleted": false, "IsACLProtected": false, "Aces": [{"RightName": "Owns", "IsInherited": false, "PrincipalSID": "S-1-5-21-1993283815-505660078-962826126-512", "PrincipalType": "Group"}, {"RightName": "GenericAll", "IsInherited": false, "PrincipalSID": "S-1-5-21-1993283815-505660078-962826126-512", "PrincipalType": "Group"}, {"RightName": "WriteOwner", "IsInherited": true, "PrincipalSID": "S-1-5-21-1993283815-505660078-962826126-512", "PrincipalType": "Group"}, {"RightName": "WriteDacl", "IsInherited": true, "PrincipalSID": "S-1-5-21-1993283815-505660078-962826126-512", "PrincipalType": "Group"}, {"RightName": "WriteOwner", "IsInherited": true, "PrincipalSID": "S-1-5-21-1993283815-505660078-962826126-519", "PrincipalType": "Group"}, {"RightName": "WriteDacl", "IsInherited": true, "PrincipalSID": "S-1-5-21-1993283815-505660078-962826126-519", "PrincipalType": "Group"}], "ChildObjects": []},{"ObjectIdentifier": "156D552F-3ACE-46E2-9BAC-17C8D662C77E", "Properties": {"domain": "TDL.COM", "name": "MICROSOFT@TDL.COM", "distinguishedname": "CN=MICROSOFT,CN=MACHINE,CN={CBAF32E3-8A8B-4674-8115-3F187BD1384A},CN=POLICIES,CN=SYSTEM,DC=TDL,DC=COM", "domainsid": "S-1-5-21-1993283815-505660078-962826126", "highvalue": false, "description": "", "whencreated": 1629179668}, "IsDeleted": false, "IsACLProtected": false, "Aces": [{"RightName": "Owns", "IsInherited": false, "PrincipalSID": "S-1-5-21-1993283815-505660078-962826126-512", "PrincipalType": "Group"}, {"RightName": "GenericAll", "IsInherited": false, "PrincipalSID": "S-1-5-21-1993283815-505660078-962826126-512", "PrincipalType": "Group"}, {"RightName": "WriteOwner", "IsInherited": true, "PrincipalSID": "S-1-5-21-1993283815-505660078-962826126-512", "PrincipalType": "Group"}, {"RightName": "WriteDacl", "IsInherited": true, "PrincipalSID": "S-1-5-21-1993283815-505660078-962826126-512", "PrincipalType": "Group"}, {"RightName": "WriteOwner", "IsInherited": true, "PrincipalSID": "S-1-5-21-1993283815-505660078-962826126-519", "PrincipalType": "Group"}, {"RightName": "WriteDacl", "IsInherited": true, "PrincipalSID": "S-1-5-21-1993283815-505660078-962826126-519", "PrincipalType": "Group"}], "ChildObjects": []},{"ObjectIdentifier": "21F48154-E761-4F95-BB82-8E00509BE7F8", "Properties": {"domain": "TDL.COM", "name": "WMIGPO@TDL.COM", "distinguishedname": "CN=WMIGPO,CN=WMIPOLICY,CN=SYSTEM,DC=TDL,DC=COM", "domainsid": "S-1-5-21-1993283815-505660078-962826126", "highvalue": false, "description": "", "whencreated": 1588659250}, "IsDeleted": false, "IsACLProtected": false, "Aces": [{"RightName": "Owns", "IsInherited": false, "PrincipalSID": "S-1-5-21-1993283815-505660078-962826126-512", "PrincipalType": "Group"}, {"RightName": "WriteOwner", "IsInherited": false, "PrincipalSID": "S-1-5-21-1993283815-505660078-962826126-512", "PrincipalType": "Group"}, {"RightName": "WriteDacl", "IsInherited": false, "PrincipalSID": "S-1-5-21-1993283815-505660078-962826126-512", "PrincipalType": "Group"}, {"RightName": "GenericAll", "IsInherited": true, "PrincipalSID": "S-1-5-21-1993283815-505660078-962826126-512", "PrincipalType": "Group"}, {"RightName": "GenericAll", "IsInherited": true, "PrincipalSID": "S-1-5-21-1993283815-505660078-962826126-519", "PrincipalType": "Group"}], "ChildObjects": []},{"ObjectIdentifier": "BB8C1929-AD76-4371-88EB-F61BE3EEA7C8", "Properties": {"domain": "TDL.COM", "name": "POLICYTYPE@TDL.COM", "distinguishedname": "CN=POLICYTYPE,CN=WMIPOLICY,CN=SYSTEM,DC=TDL,DC=COM", "domainsid": "S-1-5-21-1993283815-505660078-962826126", "highvalue": false, "description": "", "whencreated": 1588659250}, "IsDeleted": false, "IsACLProtected": false, "Aces": [{"RightName": "Owns", "IsInherited": false, "PrincipalSID": "S-1-5-21-1993283815-505660078-962826126-512", "PrincipalType": "Group"}, {"RightName": "WriteOwner", "IsInherited": false, "PrincipalSID": "S-1-5-21-1993283815-505660078-962826126-512", "PrincipalType": "Group"}, {"RightName": "WriteDacl", "IsInherited": false, "PrincipalSID": "S-1-5-21-1993283815-505660078-962826126-512", "PrincipalType": "Group"}, {"RightName": "GenericAll", "IsInherited": true, "PrincipalSID": "S-1-5-21-1993283815-505660078-962826126-512", "PrincipalType": "Group"}, {"RightName": "GenericAll", "IsInherited": true, "PrincipalSID": "S-1-5-21-1993283815-505660078-962826126-519", "PrincipalType": "Group"}], "ChildObjects": []},{"ObjectIdentifier": "2446A344-4E51-4BE9-9A18-BB8CF8092F67", "Properties": {"domain": "TDL.COM", "name": "MONITORING MAILBOXES@TDL.COM", "distinguishedname": "CN=MONITORING MAILBOXES,CN=MICROSOFT EXCHANGE SYSTEM OBJECTS,DC=TDL,DC=COM", "domainsid": "S-1-5-21-1993283815-505660078-962826126", "highvalue": false, "description": "", "whencreated": 1595631938}, "IsDeleted": false, "IsACLProtected": false, "Aces": [{"RightName": "Owns", "IsInherited": false, "PrincipalSID": "S-1-5-21-1993283815-505660078-962826126-512", "PrincipalType": "Group"}, {"RightName": "GenericAll", "IsInherited": false, "PrincipalSID": "S-1-5-21-1993283815-505660078-962826126-512", "PrincipalType": "Group"}, {"RightName": "GenericAll", "IsInherited": true, "PrincipalSID": "S-1-5-21-1993283815-505660078-962826126-519", "PrincipalType": "Group"}, {"RightName": "WriteOwner", "IsInherited": true, "PrincipalSID": "TDL.COM-S-1-5-32-544", "PrincipalType": "Group"}, {"RightName": "WriteDacl", "IsInherited": true, "PrincipalSID": "TDL.COM-S-1-5-32-544", "PrincipalType": "Group"}], "ChildObjects": [{"ObjectIdentifier": "S-1-5-21-1993283815-505660078-962826126-7085", "ObjectType": "User"}, {"ObjectIdentifier": "S-1-5-21-1993283815-505660078-962826126-7089", "ObjectType": "User"}, {"ObjectIdentifier": "S-1-5-21-1993283815-505660078-962826126-4216", "ObjectType": "User"}, {"ObjectIdentifier": "S-1-5-21-1993283815-505660078-962826126-4209", "ObjectType": "User"}, {"ObjectIdentifier": "S-1-5-21-1993283815-505660078-962826126-4210", "ObjectType": "User"}, {"ObjectIdentifier": "S-1-5-21-1993283815-505660078-962826126-7090", "ObjectType": "User"}, {"ObjectIdentifier": "S-1-5-21-1993283815-505660078-962826126-7088", "ObjectType": "User"}, {"ObjectIdentifier": "S-1-5-21-1993283815-505660078-962826126-4214", "ObjectType": "User"}, {"ObjectIdentifier": "S-1-5-21-1993283815-505660078-962826126-4211", "ObjectType": "User"}, {"ObjectIdentifier": "S-1-5-21-1993283815-505660078-962826126-4213", "ObjectType": "User"}, {"ObjectIdentifier": "S-1-5-21-1993283815-505660078-962826126-4208", "ObjectType": "User"}, {"ObjectIdentifier": "S-1-5-21-1993283815-505660078-962826126-6380", "ObjectType": "User"}, {"ObjectIdentifier": "S-1-5-21-1993283815-505660078-962826126-6381", "ObjectType": "User"}, {"ObjectIdentifier": "S-1-5-21-1993283815-505660078-962826126-6379", "ObjectType": "User"}, {"ObjectIdentifier": "S-1-5-21-1993283815-505660078-962826126-7087", "ObjectType": "User"}, {"ObjectIdentifier": "S-1-5-21-1993283815-505660078-962826126-4218", "ObjectType": "User"}, {"ObjectIdentifier": "S-1-5-21-1993283815-505660078-962826126-7086", "ObjectType": "User"}, {"ObjectIdentifier": "S-1-5-21-1993283815-505660078-962826126-4217", "ObjectType": "User"}, {"ObjectIdentifier": "S-1-5-21-1993283815-505660078-962826126-4215", "ObjectType": "User"}, {"ObjectIdentifier": "S-1-5-21-1993283815-505660078-962826126-6382", "ObjectType": "User"}, {"ObjectIdentifier": "S-1-5-21-1993283815-505660078-962826126-4212", "ObjectType": "User"}, {"ObjectIdentifier": "S-1-5-21-1993283815-505660078-962826126-7091", "ObjectType": "User"}]},{"ObjectIdentifier": "98B20322-D9A8-4499-BCBA-4A7C71212BF0", "Properties": {"domain": "TDL.COM", "name": "SOM@TDL.COM", "distinguishedname": "CN=SOM,CN=WMIPOLICY,CN=SYSTEM,DC=TDL,DC=COM", "domainsid": "S-1-5-21-1993283815-505660078-962826126", "highvalue": false, "description": "", "whencreated": 1588659250}, "IsDeleted": false, "IsACLProtected": true, "Aces": [{"RightName": "Owns", "IsInherited": false, "PrincipalSID": "S-1-5-21-1993283815-505660078-962826126-512", "PrincipalType": "Group"}, {"RightName": "GenericAll", "IsInherited": false, "PrincipalSID": "S-1-5-21-1993283815-505660078-962826126-512", "PrincipalType": "Group"}, {"RightName": "GenericAll", "IsInherited": false, "PrincipalSID": "S-1-5-21-1993283815-505660078-962826126-519", "PrincipalType": "Group"}], "ChildObjects": []},{"ObjectIdentifier": "42A6CA96-BAF8-47F4-86AA-20D10DBECA35", "Properties": {"domain": "TDL.COM", "name": "POLICYTEMPLATE@TDL.COM", "distinguishedname": "CN=POLICYTEMPLATE,CN=WMIPOLICY,CN=SYSTEM,DC=TDL,DC=COM", "domainsid": "S-1-5-21-1993283815-505660078-962826126", "highvalue": false, "description": "", "whencreated": 1588659250}, "IsDeleted": false, "IsACLProtected": false, "Aces": [{"RightName": "Owns", "IsInherited": false, "PrincipalSID": "S-1-5-21-1993283815-505660078-962826126-512", "PrincipalType": "Group"}, {"RightName": "WriteOwner", "IsInherited": false, "PrincipalSID": "S-1-5-21-1993283815-505660078-962826126-512", "PrincipalType": "Group"}, {"RightName": "WriteDacl", "IsInherited": false, "PrincipalSID": "S-1-5-21-1993283815-505660078-962826126-512", "PrincipalType": "Group"}, {"RightName": "GenericAll", "IsInherited": true, "PrincipalSID": "S-1-5-21-1993283815-505660078-962826126-512", "PrincipalType": "Group"}, {"RightName": "GenericAll", "IsInherited": true, "PrincipalSID": "S-1-5-21-1993283815-505660078-962826126-519", "PrincipalType": "Group"}], "ChildObjects": []},{"ObjectIdentifier": "A905236F-5459-4FB5-A02A-38DEB7B14A79", "Properties": {"domain": "TDL.COM", "name": "WMIPOLICY@TDL.COM", "distinguishedname": "CN=WMIPOLICY,CN=SYSTEM,DC=TDL,DC=COM", "domainsid": "S-1-5-21-1993283815-505660078-962826126", "highvalue": false, "description": "", "whencreated": 1588659250}, "IsDeleted": false, "IsACLProtected": true, "Aces": [{"RightName": "Owns", "IsInherited": false, "PrincipalSID": "S-1-5-21-1993283815-505660078-962826126-512", "PrincipalType": "Group"}, {"RightName": "GenericAll", "IsInherited": false, "PrincipalSID": "S-1-5-21-1993283815-505660078-962826126-512", "PrincipalType": "Group"}, {"RightName": "GenericAll", "IsInherited": false, "PrincipalSID": "S-1-5-21-1993283815-505660078-962826126-519", "PrincipalType": "Group"}], "ChildObjects": []},{"ObjectIdentifier": "BE6CD541-B1B9-4F74-B8EE-E5BA8223B9AE", "Properties": {"domain": "TDL.COM", "name": "ADMINSDHOLDER@TDL.COM", "distinguishedname": "CN=ADMINSDHOLDER,CN=SYSTEM,DC=TDL,DC=COM", "domainsid": "S-1-5-21-1993283815-505660078-962826126", "highvalue": false, "description": "", "whencreated": 1588659250}, "IsDeleted": false, "IsACLProtected": true, "Aces": [{"RightName": "Owns", "IsInherited": false, "PrincipalSID": "S-1-5-21-1993283815-505660078-962826126-512", "PrincipalType": "Group"}, {"RightName": "WriteOwner", "IsInherited": false, "PrincipalSID": "S-1-5-21-1993283815-505660078-962826126-512", "PrincipalType": "Group"}, {"RightName": "WriteDacl", "IsInherited": false, "PrincipalSID": "S-1-5-21-1993283815-505660078-962826126-512", "PrincipalType": "Group"}, {"RightName": "WriteOwner", "IsInherited": false, "PrincipalSID": "S-1-5-21-1993283815-505660078-962826126-519", "PrincipalType": "Group"}, {"RightName": "WriteDacl", "IsInherited": false, "PrincipalSID": "S-1-5-21-1993283815-505660078-962826126-519", "PrincipalType": "Group"}, {"RightName": "WriteOwner", "IsInherited": false, "PrincipalSID": "TDL.COM-S-1-5-32-544", "PrincipalType": "Group"}, {"RightName": "WriteDacl", "IsInherited": false, "PrincipalSID": "TDL.COM-S-1-5-32-544", "PrincipalType": "Group"}], "ChildObjects": []},{"ObjectIdentifier": "0392B12D-47C4-454A-9B4B-184259880A4B", "Properties": {"domain": "TDL.COM", "name": "COMPARTITIONSETS@TDL.COM", "distinguishedname": "CN=COMPARTITIONSETS,CN=SYSTEM,DC=TDL,DC=COM", "domainsid": "S-1-5-21-1993283815-505660078-962826126", "highvalue": false, "description": "", "whencreated": 1588659250}, "IsDeleted": false, "IsACLProtected": false, "Aces": [{"RightName": "Owns", "IsInherited": false, "PrincipalSID": "S-1-5-21-1993283815-505660078-962826126-512", "PrincipalType": "Group"}, {"RightName": "WriteOwner", "IsInherited": false, "PrincipalSID": "S-1-5-21-1993283815-505660078-962826126-512", "PrincipalType": "Group"}, {"RightName": "WriteDacl", "IsInherited": false, "PrincipalSID": "S-1-5-21-1993283815-505660078-962826126-512", "PrincipalType": "Group"}, {"RightName": "GenericAll", "IsInherited": true, "PrincipalSID": "S-1-5-21-1993283815-505660078-962826126-519", "PrincipalType": "Group"}, {"RightName": "WriteOwner", "IsInherited": true, "PrincipalSID": "TDL.COM-S-1-5-32-544", "PrincipalType": "Group"}, {"RightName": "WriteDacl", "IsInherited": true, "PrincipalSID": "TDL.COM-S-1-5-32-544", "PrincipalType": "Group"}], "ChildObjects": []},{"ObjectIdentifier": "86617FBC-7630-460D-9A28-E11DD6D612B9", "Properties": {"domain": "TDL.COM", "name": "COMPARTITIONS@TDL.COM", "distinguishedname": "CN=COMPARTITIONS,CN=SYSTEM,DC=TDL,DC=COM", "domainsid": "S-1-5-21-1993283815-505660078-962826126", "highvalue": false, "description": "", "whencreated": 1588659250}, "IsDeleted": false, "IsACLProtected": false, "Aces": [{"RightName": "Owns", "IsInherited": false, "PrincipalSID": "S-1-5-21-1993283815-505660078-962826126-512", "PrincipalType": "Group"}, {"RightName": "WriteOwner", "IsInherited": false, "PrincipalSID": "S-1-5-21-1993283815-505660078-962826126-512", "PrincipalType": "Group"}, {"RightName": "WriteDacl", "IsInherited": false, "PrincipalSID": "S-1-5-21-1993283815-505660078-962826126-512", "PrincipalType": "Group"}, {"RightName": "GenericAll", "IsInherited": true, "PrincipalSID": "S-1-5-21-1993283815-505660078-962826126-519", "PrincipalType": "Group"}, {"RightName": "WriteOwner", "IsInherited": true, "PrincipalSID": "TDL.COM-S-1-5-32-544", "PrincipalType": "Group"}, {"RightName": "WriteDacl", "IsInherited": true, "PrincipalSID": "TDL.COM-S-1-5-32-544", "PrincipalType": "Group"}], "ChildObjects": []},{"ObjectIdentifier": "F3BE944C-AF90-42BE-A994-34C49787D167", "Properties": {"domain": "TDL.COM", "name": "RAS AND IAS SERVERS ACCESS CHECK@TDL.COM", "distinguishedname": "CN=RAS AND IAS SERVERS ACCESS CHECK,CN=SYSTEM,DC=TDL,DC=COM", "domainsid": "S-1-5-21-1993283815-505660078-962826126", "highvalue": false, "description": "", "whencreated": 1588659250}, "IsDeleted": false, "IsACLProtected": false, "Aces": [{"RightName": "Owns", "IsInherited": false, "PrincipalSID": "S-1-5-21-1993283815-505660078-962826126-512", "PrincipalType": "Group"}, {"RightName": "WriteOwner", "IsInherited": false, "PrincipalSID": "S-1-5-21-1993283815-505660078-962826126-553", "PrincipalType": "Group"}, {"RightName": "WriteDacl", "IsInherited": false, "PrincipalSID": "S-1-5-21-1993283815-505660078-962826126-553", "PrincipalType": "Group"}, {"RightName": "GenericAll", "IsInherited": true, "PrincipalSID": "S-1-5-21-1993283815-505660078-962826126-519", "PrincipalType": "Group"}, {"RightName": "WriteOwner", "IsInherited": true, "PrincipalSID": "TDL.COM-S-1-5-32-544", "PrincipalType": "Group"}, {"RightName": "WriteDacl", "IsInherited": true, "PrincipalSID": "TDL.COM-S-1-5-32-544", "PrincipalType": "Group"}], "ChildObjects": []},{"ObjectIdentifier": "71B16480-D454-45D7-BB23-35ABE960AD0F", "Properties": {"domain": "TDL.COM", "name": "POLICIES@TDL.COM", "distinguishedname": "CN=POLICIES,CN=SYSTEM,DC=TDL,DC=COM", "domainsid": "S-1-5-21-1993283815-505660078-962826126", "highvalue": false, "description": "", "whencreated": 1588659250}, "IsDeleted": false, "IsACLProtected": false, "Aces": [{"RightName": "Owns", "IsInherited": false, "PrincipalSID": "S-1-5-21-1993283815-505660078-962826126-512", "PrincipalType": "Group"}, {"RightName": "WriteOwner", "IsInherited": false, "PrincipalSID": "S-1-5-21-1993283815-505660078-962826126-512", "PrincipalType": "Group"}, {"RightName": "WriteDacl", "IsInherited": false, "PrincipalSID": "S-1-5-21-1993283815-505660078-962826126-512", "PrincipalType": "Group"}, {"RightName": "GenericAll", "IsInherited": true, "PrincipalSID": "S-1-5-21-1993283815-505660078-962826126-519", "PrincipalType": "Group"}, {"RightName": "WriteOwner", "IsInherited": true, "PrincipalSID": "TDL.COM-S-1-5-32-544", "PrincipalType": "Group"}, {"RightName": "WriteDacl", "IsInherited": true, "PrincipalSID": "TDL.COM-S-1-5-32-544", "PrincipalType": "Group"}], "ChildObjects": []},{"ObjectIdentifier": "A744439B-45C9-4DDE-BB7D-421C19158E5F", "Properties": {"domain": "TDL.COM", "name": "MEETINGS@TDL.COM", "distinguishedname": "CN=MEETINGS,CN=SYSTEM,DC=TDL,DC=COM", "domainsid": "S-1-5-21-1993283815-505660078-962826126", "highvalue": false, "description": "", "whencreated": 1588659250}, "IsDeleted": false, "IsACLProtected": false, "Aces": [{"RightName": "Owns", "IsInherited": false, "PrincipalSID": "S-1-5-21-1993283815-505660078-962826126-512", "PrincipalType": "Group"}, {"RightName": "WriteOwner", "IsInherited": false, "PrincipalSID": "S-1-5-21-1993283815-505660078-962826126-512", "PrincipalType": "Group"}, {"RightName": "WriteDacl", "IsInherited": false, "PrincipalSID": "S-1-5-21-1993283815-505660078-962826126-512", "PrincipalType": "Group"}, {"RightName": "GenericAll", "IsInherited": true, "PrincipalSID": "S-1-5-21-1993283815-505660078-962826126-519", "PrincipalType": "Group"}, {"RightName": "WriteOwner", "IsInherited": true, "PrincipalSID": "TDL.COM-S-1-5-32-544", "PrincipalType": "Group"}, {"RightName": "WriteDacl", "IsInherited": true, "PrincipalSID": "TDL.COM-S-1-5-32-544", "PrincipalType": "Group"}], "ChildObjects": []},{"ObjectIdentifier": "DFD0A36A-B078-4B37-AC8E-C5DADBA784D5", "Properties": {"domain": "TDL.COM", "name": "WINSOCKSERVICES@TDL.COM", "distinguishedname": "CN=WINSOCKSERVICES,CN=SYSTEM,DC=TDL,DC=COM", "domainsid": "S-1-5-21-1993283815-505660078-962826126", "highvalue": false, "description": "", "whencreated": 1588659250}, "IsDeleted": false, "IsACLProtected": false, "Aces": [{"RightName": "Owns", "IsInherited": false, "PrincipalSID": "S-1-5-21-1993283815-505660078-962826126-512", "PrincipalType": "Group"}, {"RightName": "WriteOwner", "IsInherited": false, "PrincipalSID": "S-1-5-21-1993283815-505660078-962826126-512", "PrincipalType": "Group"}, {"RightName": "WriteDacl", "IsInherited": false, "PrincipalSID": "S-1-5-21-1993283815-505660078-962826126-512", "PrincipalType": "Group"}, {"RightName": "GenericAll", "IsInherited": true, "PrincipalSID": "S-1-5-21-1993283815-505660078-962826126-519", "PrincipalType": "Group"}, {"RightName": "WriteOwner", "IsInherited": true, "PrincipalSID": "TDL.COM-S-1-5-32-544", "PrincipalType": "Group"}, {"RightName": "WriteDacl", "IsInherited": true, "PrincipalSID": "TDL.COM-S-1-5-32-544", "PrincipalType": "Group"}], "ChildObjects": []},{"ObjectIdentifier": "3244D8F8-55B5-43FE-A93E-8E95F9631E52", "Properties": {"domain": "TDL.COM", "name": "MANAGED SERVICE ACCOUNTS@TDL.COM", "distinguishedname": "CN=MANAGED SERVICE ACCOUNTS,DC=TDL,DC=COM", "domainsid": "S-1-5-21-1993283815-505660078-962826126", "highvalue": false, "description": "Default container for managed service accounts", "whencreated": 1588659250}, "IsDeleted": false, "IsACLProtected": false, "Aces": [{"RightName": "Owns", "IsInherited": false, "PrincipalSID": "S-1-5-21-1993283815-505660078-962826126-512", "PrincipalType": "Group"}, {"RightName": "WriteOwner", "IsInherited": false, "PrincipalSID": "S-1-5-21-1993283815-505660078-962826126-512", "PrincipalType": "Group"}, {"RightName": "WriteDacl", "IsInherited": false, "PrincipalSID": "S-1-5-21-1993283815-505660078-962826126-512", "PrincipalType": "Group"}, {"RightName": "GenericAll", "IsInherited": true, "PrincipalSID": "S-1-5-21-1993283815-505660078-962826126-519", "PrincipalType": "Group"}, {"RightName": "WriteOwner", "IsInherited": true, "PrincipalSID": "TDL.COM-S-1-5-32-544", "PrincipalType": "Group"}, {"RightName": "WriteDacl", "IsInherited": true, "PrincipalSID": "TDL.COM-S-1-5-32-544", "PrincipalType": "Group"}], "ChildObjects": [{"ObjectIdentifier": "S-1-5-21-1993283815-505660078-962826126-4120", "ObjectType": "User"}, {"ObjectIdentifier": "S-1-5-21-1993283815-505660078-962826126-9615", "ObjectType": "User"}]},{"ObjectIdentifier": "D8385569-5493-4407-A3E6-0C669A677E3C", "Properties": {"domain": "TDL.COM", "name": "MICROSOFT@TDL.COM", "distinguishedname": "CN=MICROSOFT,CN=PROGRAM DATA,DC=TDL,DC=COM", "domainsid": "S-1-5-21-1993283815-505660078-962826126", "highvalue": false, "description": "Default location for storage of Microsoft application data.", "whencreated": 1588659250}, "IsDeleted": false, "IsACLProtected": false, "Aces": [{"RightName": "Owns", "IsInherited": false, "PrincipalSID": "S-1-5-21-1993283815-505660078-962826126-512", "PrincipalType": "Group"}, {"RightName": "GenericAll", "IsInherited": false, "PrincipalSID": "S-1-5-21-1993283815-505660078-962826126-512", "PrincipalType": "Group"}, {"RightName": "GenericAll", "IsInherited": true, "PrincipalSID": "S-1-5-21-1993283815-505660078-962826126-519", "PrincipalType": "Group"}, {"RightName": "WriteOwner", "IsInherited": true, "PrincipalSID": "TDL.COM-S-1-5-32-544", "PrincipalType": "Group"}, {"RightName": "WriteDacl", "IsInherited": true, "PrincipalSID": "TDL.COM-S-1-5-32-544", "PrincipalType": "Group"}], "ChildObjects": []},{"ObjectIdentifier": "4FB5241E-9545-4086-B2F7-878C18640956", "Properties": {"domain": "TDL.COM", "name": "PROGRAM DATA@TDL.COM", "distinguishedname": "CN=PROGRAM DATA,DC=TDL,DC=COM", "domainsid": "S-1-5-21-1993283815-505660078-962826126", "highvalue": false, "description": "Default location for storage of application data.", "whencreated": 1588659250}, "IsDeleted": false, "IsACLProtected": false, "Aces": [{"RightName": "Owns", "IsInherited": false, "PrincipalSID": "S-1-5-21-1993283815-505660078-962826126-512", "PrincipalType": "Group"}, {"RightName": "GenericAll", "IsInherited": false, "PrincipalSID": "S-1-5-21-1993283815-505660078-962826126-512", "PrincipalType": "Group"}, {"RightName": "GenericAll", "IsInherited": true, "PrincipalSID": "S-1-5-21-1993283815-505660078-962826126-519", "PrincipalType": "Group"}, {"RightName": "WriteOwner", "IsInherited": true, "PrincipalSID": "TDL.COM-S-1-5-32-544", "PrincipalType": "Group"}, {"RightName": "WriteDacl", "IsInherited": true, "PrincipalSID": "TDL.COM-S-1-5-32-544", "PrincipalType": "Group"}], "ChildObjects": []},{"ObjectIdentifier": "C4874594-AAD7-4748-8959-60B9FB5237D7", "Properties": {"domain": "TDL.COM", "name": "FOREIGNSECURITYPRINCIPALS@TDL.COM", "distinguishedname": "CN=FOREIGNSECURITYPRINCIPALS,DC=TDL,DC=COM", "domainsid": "S-1-5-21-1993283815-505660078-962826126", "highvalue": false, "description": "Default container for security identifiers (SIDs) associated with objects from external, trusted domains", "whencreated": 1588659250}, "IsDeleted": false, "IsACLProtected": false, "Aces": [{"RightName": "Owns", "IsInherited": false, "PrincipalSID": "S-1-5-21-1993283815-505660078-962826126-512", "PrincipalType": "Group"}, {"RightName": "GenericAll", "IsInherited": false, "PrincipalSID": "S-1-5-21-1993283815-505660078-962826126-512", "PrincipalType": "Group"}, {"RightName": "GenericAll", "IsInherited": true, "PrincipalSID": "S-1-5-21-1993283815-505660078-962826126-519", "PrincipalType": "Group"}, {"RightName": "WriteOwner", "IsInherited": true, "PrincipalSID": "TDL.COM-S-1-5-32-544", "PrincipalType": "Group"}, {"RightName": "WriteDacl", "IsInherited": true, "PrincipalSID": "TDL.COM-S-1-5-32-544", "PrincipalType": "Group"}], "ChildObjects": []},{"ObjectIdentifier": "22E79396-95BB-4A1F-9257-F14D3AEED336", "Properties": {"domain": "TDL.COM", "name": "SYSTEM@TDL.COM", "distinguishedname": "CN=SYSTEM,DC=TDL,DC=COM", "domainsid": "S-1-5-21-1993283815-505660078-962826126", "highvalue": false, "description": "Builtin system settings", "whencreated": 1588659250}, "IsDeleted": false, "IsACLProtected": false, "Aces": [{"RightName": "Owns", "IsInherited": false, "PrincipalSID": "S-1-5-21-1993283815-505660078-962826126-512", "PrincipalType": "Group"}, {"RightName": "WriteOwner", "IsInherited": false, "PrincipalSID": "S-1-5-21-1993283815-505660078-962826126-512", "PrincipalType": "Group"}, {"RightName": "WriteDacl", "IsInherited": false, "PrincipalSID": "S-1-5-21-1993283815-505660078-962826126-512", "PrincipalType": "Group"}, {"RightName": "GenericAll", "IsInherited": true, "PrincipalSID": "S-1-5-21-1993283815-505660078-962826126-519", "PrincipalType": "Group"}, {"RightName": "WriteOwner", "IsInherited": true, "PrincipalSID": "TDL.COM-S-1-5-32-544", "PrincipalType": "Group"}, {"RightName": "WriteDacl", "IsInherited": true, "PrincipalSID": "TDL.COM-S-1-5-32-544", "PrincipalType": "Group"}], "ChildObjects": []},{"ObjectIdentifier": "77FDE796-0BBD-4A6C-806D-1D4C1D61B354", "Properties": {"domain": "TDL.COM", "name": "COMPUTERS@TDL.COM", "distinguishedname": "CN=COMPUTERS,DC=TDL,DC=COM", "domainsid": "S-1-5-21-1993283815-505660078-962826126", "highvalue": false, "description": "Default container for upgraded computer accounts", "whencreated": 1588659250}, "IsDeleted": false, "IsACLProtected": false, "Aces": [{"RightName": "Owns", "IsInherited": false, "PrincipalSID": "S-1-5-21-1993283815-505660078-962826126-512", "PrincipalType": "Group"}, {"RightName": "GenericAll", "IsInherited": false, "PrincipalSID": "S-1-5-21-1993283815-505660078-962826126-4132", "PrincipalType": "Group"}, {"RightName": "WriteOwner", "IsInherited": false, "PrincipalSID": "S-1-5-21-1993283815-505660078-962826126-512", "PrincipalType": "Group"}, {"RightName": "WriteDacl", "IsInherited": false, "PrincipalSID": "S-1-5-21-1993283815-505660078-962826126-512", "PrincipalType": "Group"}, {"RightName": "GenericAll", "IsInherited": true, "PrincipalSID": "S-1-5-21-1993283815-505660078-962826126-519", "PrincipalType": "Group"}, {"RightName": "WriteOwner", "IsInherited": true, "PrincipalSID": "TDL.COM-S-1-5-32-544", "PrincipalType": "Group"}, {"RightName": "WriteDacl", "IsInherited": true, "PrincipalSID": "TDL.COM-S-1-5-32-544", "PrincipalType": "Group"}], "ChildObjects": [{"ObjectIdentifier": "S-1-5-21-1993283815-505660078-962826126-25608", "ObjectType": "Computer"}, {"ObjectIdentifier": "S-1-5-21-1993283815-505660078-962826126-23688", "ObjectType": "Computer"}, {"ObjectIdentifier": "S-1-5-21-1993283815-505660078-962826126-25610", "ObjectType": "Computer"}, {"ObjectIdentifier": "S-1-5-21-1993283815-505660078-962826126-24137", "ObjectType": "Computer"}, {"ObjectIdentifier": "S-1-5-21-1993283815-505660078-962826126-22605", "ObjectType": "Computer"}, {"ObjectIdentifier": "S-1-5-21-1993283815-505660078-962826126-34102", "ObjectType": "Computer"}, {"ObjectIdentifier": "S-1-5-21-1993283815-505660078-962826126-10383", "ObjectType": "Computer"}, {"ObjectIdentifier": "S-1-5-21-1993283815-505660078-962826126-13182", "ObjectType": "Computer"}, {"ObjectIdentifier": "S-1-5-21-1993283815-505660078-962826126-25421", "ObjectType": "Computer"}, {"ObjectIdentifier": "S-1-5-21-1993283815-505660078-962826126-31606", "ObjectType": "Computer"}, {"ObjectIdentifier": "S-1-5-21-1993283815-505660078-962826126-25420", "ObjectType": "Computer"}, {"ObjectIdentifier": "S-1-5-21-1993283815-505660078-962826126-15787", "ObjectType": "Computer"}, {"ObjectIdentifier": "S-1-5-21-1993283815-505660078-962826126-13537", "ObjectType": "Computer"}, {"ObjectIdentifier": "S-1-5-21-1993283815-505660078-962826126-33793", "ObjectType": "Computer"}, {"ObjectIdentifier": "S-1-5-21-1993283815-505660078-962826126-34612", "ObjectType": "Computer"}, {"ObjectIdentifier": "S-1-5-21-1993283815-505660078-962826126-16316", "ObjectType": "Computer"}, {"ObjectIdentifier": "S-1-5-21-1993283815-505660078-962826126-36179", "ObjectType": "Computer"}, {"ObjectIdentifier": "S-1-5-21-1993283815-505660078-962826126-33603", "ObjectType": "Computer"}, {"ObjectIdentifier": "S-1-5-21-1993283815-505660078-962826126-34602", "ObjectType": "Computer"}, {"ObjectIdentifier": "S-1-5-21-1993283815-505660078-962826126-23122", "ObjectType": "Computer"}, {"ObjectIdentifier": "S-1-5-21-1993283815-505660078-962826126-24322", "ObjectType": "Computer"}, {"ObjectIdentifier": "S-1-5-21-1993283815-505660078-962826126-33866", "ObjectType": "Computer"}, {"ObjectIdentifier": "S-1-5-21-1993283815-505660078-962826126-23105", "ObjectType": "Computer"}, {"ObjectIdentifier": "S-1-5-21-1993283815-505660078-962826126-31613", "ObjectType": "Computer"}, {"ObjectIdentifier": "S-1-5-21-1993283815-505660078-962826126-30604", "ObjectType": "Computer"}, {"ObjectIdentifier": "S-1-5-21-1993283815-505660078-962826126-34129", "ObjectType": "Computer"}, {"ObjectIdentifier": "S-1-5-21-1993283815-505660078-962826126-34609", "ObjectType": "Computer"}, {"ObjectIdentifier": "S-1-5-21-1993283815-505660078-962826126-33865", "ObjectType": "Computer"}, {"ObjectIdentifier": "S-1-5-21-1993283815-505660078-962826126-34128", "ObjectType": "Computer"}, {"ObjectIdentifier": "S-1-5-21-1993283815-505660078-962826126-24201", "ObjectType": "Computer"}, {"ObjectIdentifier": "S-1-5-21-1993283815-505660078-962826126-22606", "ObjectType": "Computer"}, {"ObjectIdentifier": "S-1-5-21-1993283815-505660078-962826126-34610", "ObjectType": "Computer"}, {"ObjectIdentifier": "S-1-5-21-1993283815-505660078-962826126-25575", "ObjectType": "Computer"}, {"ObjectIdentifier": "S-1-5-21-1993283815-505660078-962826126-14539", "ObjectType": "Computer"}, {"ObjectIdentifier": "S-1-5-21-1993283815-505660078-962826126-17130", "ObjectType": "Computer"}, {"ObjectIdentifier": "S-1-5-21-1993283815-505660078-962826126-16607", "ObjectType": "Computer"}, {"ObjectIdentifier": "S-1-5-21-1993283815-505660078-962826126-25419", "ObjectType": "Computer"}, {"ObjectIdentifier": "S-1-5-21-1993283815-505660078-962826126-25438", "ObjectType": "Computer"}, {"ObjectIdentifier": "S-1-5-21-1993283815-505660078-962826126-36308", "ObjectType": "Computer"}, {"ObjectIdentifier": "S-1-5-21-1993283815-505660078-962826126-17159", "ObjectType": "Computer"}, {"ObjectIdentifier": "S-1-5-21-1993283815-505660078-962826126-17158", "ObjectType": "Computer"}, {"ObjectIdentifier": "S-1-5-21-1993283815-505660078-962826126-17157", "ObjectType": "Computer"}, {"ObjectIdentifier": "S-1-5-21-1993283815-505660078-962826126-21603", "ObjectType": "Computer"}, {"ObjectIdentifier": "S-1-5-21-1993283815-505660078-962826126-17156", "ObjectType": "Computer"}, {"ObjectIdentifier": "S-1-5-21-1993283815-505660078-962826126-17125", "ObjectType": "Computer"}, {"ObjectIdentifier": "S-1-5-21-1993283815-505660078-962826126-17600", "ObjectType": "Computer"}, {"ObjectIdentifier": "S-1-5-21-1993283815-505660078-962826126-16099", "ObjectType": "Computer"}, {"ObjectIdentifier": "S-1-5-21-1993283815-505660078-962826126-17118", "ObjectType": "Computer"}, {"ObjectIdentifier": "S-1-5-21-1993283815-505660078-962826126-17117", "ObjectType": "Computer"}, {"ObjectIdentifier": "S-1-5-21-1993283815-505660078-962826126-17116", "ObjectType": "Computer"}, {"ObjectIdentifier": "S-1-5-21-1993283815-505660078-962826126-17772", "ObjectType": "Computer"}, {"ObjectIdentifier": "S-1-5-21-1993283815-505660078-962826126-23115", "ObjectType": "Computer"}, {"ObjectIdentifier": "S-1-5-21-1993283815-505660078-962826126-24296", "ObjectType": "Computer"}, {"ObjectIdentifier": "S-1-5-21-1993283815-505660078-962826126-23123", "ObjectType": "Computer"}, {"ObjectIdentifier": "S-1-5-21-1993283815-505660078-962826126-17150", "ObjectType": "Computer"}, {"ObjectIdentifier": "S-1-5-21-1993283815-505660078-962826126-17151", "ObjectType": "Computer"}, {"ObjectIdentifier": "S-1-5-21-1993283815-505660078-962826126-17838", "ObjectType": "Computer"}, {"ObjectIdentifier": "S-1-5-21-1993283815-505660078-962826126-25431", "ObjectType": "Computer"}, {"ObjectIdentifier": "S-1-5-21-1993283815-505660078-962826126-24308", "ObjectType": "Computer"}, {"ObjectIdentifier": "S-1-5-21-1993283815-505660078-962826126-23114", "ObjectType": "Computer"}, {"ObjectIdentifier": "S-1-5-21-1993283815-505660078-962826126-17701", "ObjectType": "Computer"}, {"ObjectIdentifier": "S-1-5-21-1993283815-505660078-962826126-17121", "ObjectType": "Computer"}, {"ObjectIdentifier": "S-1-5-21-1993283815-505660078-962826126-17123", "ObjectType": "Computer"}, {"ObjectIdentifier": "S-1-5-21-1993283815-505660078-962826126-17122", "ObjectType": "Computer"}, {"ObjectIdentifier": "S-1-5-21-1993283815-505660078-962826126-17716", "ObjectType": "Computer"}, {"ObjectIdentifier": "S-1-5-21-1993283815-505660078-962826126-17715", "ObjectType": "Computer"}, {"ObjectIdentifier": "S-1-5-21-1993283815-505660078-962826126-17714", "ObjectType": "Computer"}, {"ObjectIdentifier": "S-1-5-21-1993283815-505660078-962826126-17173", "ObjectType": "Computer"}, {"ObjectIdentifier": "S-1-5-21-1993283815-505660078-962826126-17174", "ObjectType": "Computer"}, {"ObjectIdentifier": "S-1-5-21-1993283815-505660078-962826126-21789", "ObjectType": "Computer"}, {"ObjectIdentifier": "S-1-5-21-1993283815-505660078-962826126-21788", "ObjectType": "Computer"}, {"ObjectIdentifier": "S-1-5-21-1993283815-505660078-962826126-17172", "ObjectType": "Computer"}, {"ObjectIdentifier": "S-1-5-21-1993283815-505660078-962826126-17699", "ObjectType": "Computer"}, {"ObjectIdentifier": "S-1-5-21-1993283815-505660078-962826126-21701", "ObjectType": "Computer"}, {"ObjectIdentifier": "S-1-5-21-1993283815-505660078-962826126-21700", "ObjectType": "Computer"}, {"ObjectIdentifier": "S-1-5-21-1993283815-505660078-962826126-17131", "ObjectType": "Computer"}, {"ObjectIdentifier": "S-1-5-21-1993283815-505660078-962826126-17775", "ObjectType": "Computer"}, {"ObjectIdentifier": "S-1-5-21-1993283815-505660078-962826126-17771", "ObjectType": "Computer"}, {"ObjectIdentifier": "S-1-5-21-1993283815-505660078-962826126-17773", "ObjectType": "Computer"}, {"ObjectIdentifier": "S-1-5-21-1993283815-505660078-962826126-17837", "ObjectType": "Computer"}, {"ObjectIdentifier": "S-1-5-21-1993283815-505660078-962826126-17836", "ObjectType": "Computer"}, {"ObjectIdentifier": "S-1-5-21-1993283815-505660078-962826126-17757", "ObjectType": "Computer"}, {"ObjectIdentifier": "S-1-5-21-1993283815-505660078-962826126-25201", "ObjectType": "Computer"}, {"ObjectIdentifier": "S-1-5-21-1993283815-505660078-962826126-27107", "ObjectType": "Computer"}, {"ObjectIdentifier": "S-1-5-21-1993283815-505660078-962826126-25200", "ObjectType": "Computer"}, {"ObjectIdentifier": "S-1-5-21-1993283815-505660078-962826126-25604", "ObjectType": "Computer"}, {"ObjectIdentifier": "S-1-5-21-1993283815-505660078-962826126-25203", "ObjectType": "Computer"}, {"ObjectIdentifier": "S-1-5-21-1993283815-505660078-962826126-25605", "ObjectType": "Computer"}, {"ObjectIdentifier": "S-1-5-21-1993283815-505660078-962826126-25204", "ObjectType": "Computer"}, {"ObjectIdentifier": "S-1-5-21-1993283815-505660078-962826126-26216", "ObjectType": "Computer"}, {"ObjectIdentifier": "S-1-5-21-1993283815-505660078-962826126-25202", "ObjectType": "Computer"}, {"ObjectIdentifier": "S-1-5-21-1993283815-505660078-962826126-27110", "ObjectType": "Computer"}, {"ObjectIdentifier": "S-1-5-21-1993283815-505660078-962826126-27109", "ObjectType": "Computer"}, {"ObjectIdentifier": "S-1-5-21-1993283815-505660078-962826126-26217", "ObjectType": "Computer"}, {"ObjectIdentifier": "S-1-5-21-1993283815-505660078-962826126-27108", "ObjectType": "Computer"}, {"ObjectIdentifier": "S-1-5-21-1993283815-505660078-962826126-26257", "ObjectType": "Computer"}, {"ObjectIdentifier": "S-1-5-21-1993283815-505660078-962826126-23748", "ObjectType": "Computer"}, {"ObjectIdentifier": "S-1-5-21-1993283815-505660078-962826126-22615", "ObjectType": "Computer"}, {"ObjectIdentifier": "S-1-5-21-1993283815-505660078-962826126-22616", "ObjectType": "Computer"}, {"ObjectIdentifier": "S-1-5-21-1993283815-505660078-962826126-22618", "ObjectType": "Computer"}, {"ObjectIdentifier": "S-1-5-21-1993283815-505660078-962826126-23120", "ObjectType": "Computer"}, {"ObjectIdentifier": "S-1-5-21-1993283815-505660078-962826126-23121", "ObjectType": "Computer"}, {"ObjectIdentifier": "S-1-5-21-1993283815-505660078-962826126-23119", "ObjectType": "Computer"}, {"ObjectIdentifier": "S-1-5-21-1993283815-505660078-962826126-22617", "ObjectType": "Computer"}, {"ObjectIdentifier": "S-1-5-21-1993283815-505660078-962826126-23118", "ObjectType": "Computer"}, {"ObjectIdentifier": "S-1-5-21-1993283815-505660078-962826126-23117", "ObjectType": "Computer"}, {"ObjectIdentifier": "S-1-5-21-1993283815-505660078-962826126-22614", "ObjectType": "Computer"}, {"ObjectIdentifier": "S-1-5-21-1993283815-505660078-962826126-23116", "ObjectType": "Computer"}, {"ObjectIdentifier": "S-1-5-21-1993283815-505660078-962826126-25116", "ObjectType": "Computer"}, {"ObjectIdentifier": "S-1-5-21-1993283815-505660078-962826126-23106", "ObjectType": "Computer"}, {"ObjectIdentifier": "S-1-5-21-1993283815-505660078-962826126-23102", "ObjectType": "Computer"}, {"ObjectIdentifier": "S-1-5-21-1993283815-505660078-962826126-23738", "ObjectType": "Computer"}, {"ObjectIdentifier": "S-1-5-21-1993283815-505660078-962826126-23614", "ObjectType": "Computer"}, {"ObjectIdentifier": "S-1-5-21-1993283815-505660078-962826126-23613", "ObjectType": "Computer"}, {"ObjectIdentifier": "S-1-5-21-1993283815-505660078-962826126-24121", "ObjectType": "Computer"}, {"ObjectIdentifier": "S-1-5-21-1993283815-505660078-962826126-23101", "ObjectType": "Computer"}, {"ObjectIdentifier": "S-1-5-21-1993283815-505660078-962826126-24120", "ObjectType": "Computer"}, {"ObjectIdentifier": "S-1-5-21-1993283815-505660078-962826126-23111", "ObjectType": "Computer"}, {"ObjectIdentifier": "S-1-5-21-1993283815-505660078-962826126-34118", "ObjectType": "Computer"}, {"ObjectIdentifier": "S-1-5-21-1993283815-505660078-962826126-33872", "ObjectType": "Computer"}, {"ObjectIdentifier": "S-1-5-21-1993283815-505660078-962826126-34103", "ObjectType": "Computer"}, {"ObjectIdentifier": "S-1-5-21-1993283815-505660078-962826126-25597", "ObjectType": "Computer"}, {"ObjectIdentifier": "S-1-5-21-1993283815-505660078-962826126-34116", "ObjectType": "Computer"}, {"ObjectIdentifier": "S-1-5-21-1993283815-505660078-962826126-21635", "ObjectType": "Computer"}, {"ObjectIdentifier": "S-1-5-21-1993283815-505660078-962826126-17743", "ObjectType": "Computer"}, {"ObjectIdentifier": "S-1-5-21-1993283815-505660078-962826126-34127", "ObjectType": "Computer"}, {"ObjectIdentifier": "S-1-5-21-1993283815-505660078-962826126-30603", "ObjectType": "Computer"}, {"ObjectIdentifier": "S-1-5-21-1993283815-505660078-962826126-25375", "ObjectType": "Computer"}, {"ObjectIdentifier": "S-1-5-21-1993283815-505660078-962826126-25533", "ObjectType": "Computer"}, {"ObjectIdentifier": "S-1-5-21-1993283815-505660078-962826126-17708", "ObjectType": "Computer"}, {"ObjectIdentifier": "S-1-5-21-1993283815-505660078-962826126-16353", "ObjectType": "Computer"}, {"ObjectIdentifier": "S-1-5-21-1993283815-505660078-962826126-16352", "ObjectType": "Computer"}, {"ObjectIdentifier": "S-1-5-21-1993283815-505660078-962826126-34124", "ObjectType": "Computer"}, {"ObjectIdentifier": "S-1-5-21-1993283815-505660078-962826126-35102", "ObjectType": "Computer"}, {"ObjectIdentifier": "S-1-5-21-1993283815-505660078-962826126-17718", "ObjectType": "Computer"}, {"ObjectIdentifier": "S-1-5-21-1993283815-505660078-962826126-34115", "ObjectType": "Computer"}, {"ObjectIdentifier": "S-1-5-21-1993283815-505660078-962826126-21688", "ObjectType": "Computer"}, {"ObjectIdentifier": "S-1-5-21-1993283815-505660078-962826126-17170", "ObjectType": "Computer"}, {"ObjectIdentifier": "S-1-5-21-1993283815-505660078-962826126-17169", "ObjectType": "Computer"}, {"ObjectIdentifier": "S-1-5-21-1993283815-505660078-962826126-30612", "ObjectType": "Computer"}, {"ObjectIdentifier": "S-1-5-21-1993283815-505660078-962826126-17168", "ObjectType": "Computer"}, {"ObjectIdentifier": "S-1-5-21-1993283815-505660078-962826126-25351", "ObjectType": "Computer"}, {"ObjectIdentifier": "S-1-5-21-1993283815-505660078-962826126-34121", "ObjectType": "Computer"}, {"ObjectIdentifier": "S-1-5-21-1993283815-505660078-962826126-33799", "ObjectType": "Computer"}, {"ObjectIdentifier": "S-1-5-21-1993283815-505660078-962826126-27105", "ObjectType": "Computer"}, {"ObjectIdentifier": "S-1-5-21-1993283815-505660078-962826126-34119", "ObjectType": "Computer"}, {"ObjectIdentifier": "S-1-5-21-1993283815-505660078-962826126-33800", "ObjectType": "Computer"}, {"ObjectIdentifier": "S-1-5-21-1993283815-505660078-962826126-25115", "ObjectType": "Computer"}, {"ObjectIdentifier": "S-1-5-21-1993283815-505660078-962826126-25114", "ObjectType": "Computer"}, {"ObjectIdentifier": "S-1-5-21-1993283815-505660078-962826126-26602", "ObjectType": "Computer"}, {"ObjectIdentifier": "S-1-5-21-1993283815-505660078-962826126-25113", "ObjectType": "Computer"}, {"ObjectIdentifier": "S-1-5-21-1993283815-505660078-962826126-26601", "ObjectType": "Computer"}, {"ObjectIdentifier": "S-1-5-21-1993283815-505660078-962826126-34123", "ObjectType": "Computer"}, {"ObjectIdentifier": "S-1-5-21-1993283815-505660078-962826126-27106", "ObjectType": "Computer"}, {"ObjectIdentifier": "S-1-5-21-1993283815-505660078-962826126-25132", "ObjectType": "Computer"}, {"ObjectIdentifier": "S-1-5-21-1993283815-505660078-962826126-26604", "ObjectType": "Computer"}, {"ObjectIdentifier": "S-1-5-21-1993283815-505660078-962826126-26605", "ObjectType": "Computer"}, {"ObjectIdentifier": "S-1-5-21-1993283815-505660078-962826126-25131", "ObjectType": "Computer"}, {"ObjectIdentifier": "S-1-5-21-1993283815-505660078-962826126-25130", "ObjectType": "Computer"}, {"ObjectIdentifier": "S-1-5-21-1993283815-505660078-962826126-33790", "ObjectType": "Computer"}, {"ObjectIdentifier": "S-1-5-21-1993283815-505660078-962826126-34101", "ObjectType": "Computer"}, {"ObjectIdentifier": "S-1-5-21-1993283815-505660078-962826126-33807", "ObjectType": "Computer"}, {"ObjectIdentifier": "S-1-5-21-1993283815-505660078-962826126-34126", "ObjectType": "Computer"}, {"ObjectIdentifier": "S-1-5-21-1993283815-505660078-962826126-33613", "ObjectType": "Computer"}, {"ObjectIdentifier": "S-1-5-21-1993283815-505660078-962826126-30606", "ObjectType": "Computer"}, {"ObjectIdentifier": "S-1-5-21-1993283815-505660078-962826126-17167", "ObjectType": "Computer"}, {"ObjectIdentifier": "S-1-5-21-1993283815-505660078-962826126-34114", "ObjectType": "Computer"}, {"ObjectIdentifier": "S-1-5-21-1993283815-505660078-962826126-25167", "ObjectType": "Computer"}, {"ObjectIdentifier": "S-1-5-21-1993283815-505660078-962826126-33689", "ObjectType": "Computer"}, {"ObjectIdentifier": "S-1-5-21-1993283815-505660078-962826126-26606", "ObjectType": "Computer"}, {"ObjectIdentifier": "S-1-5-21-1993283815-505660078-962826126-34106", "ObjectType": "Computer"}, {"ObjectIdentifier": "S-1-5-21-1993283815-505660078-962826126-25392", "ObjectType": "Computer"}, {"ObjectIdentifier": "S-1-5-21-1993283815-505660078-962826126-33114", "ObjectType": "Computer"}, {"ObjectIdentifier": "S-1-5-21-1993283815-505660078-962826126-27844", "ObjectType": "Computer"}, {"ObjectIdentifier": "S-1-5-21-1993283815-505660078-962826126-27850", "ObjectType": "Computer"}, {"ObjectIdentifier": "S-1-5-21-1993283815-505660078-962826126-33126", "ObjectType": "Computer"}, {"ObjectIdentifier": "S-1-5-21-1993283815-505660078-962826126-33116", "ObjectType": "Computer"}, {"ObjectIdentifier": "S-1-5-21-1993283815-505660078-962826126-33115", "ObjectType": "Computer"}, {"ObjectIdentifier": "S-1-5-21-1993283815-505660078-962826126-33124", "ObjectType": "Computer"}, {"ObjectIdentifier": "S-1-5-21-1993283815-505660078-962826126-33123", "ObjectType": "Computer"}, {"ObjectIdentifier": "S-1-5-21-1993283815-505660078-962826126-33119", "ObjectType": "Computer"}, {"ObjectIdentifier": "S-1-5-21-1993283815-505660078-962826126-27845", "ObjectType": "Computer"}, {"ObjectIdentifier": "S-1-5-21-1993283815-505660078-962826126-33880", "ObjectType": "Computer"}, {"ObjectIdentifier": "S-1-5-21-1993283815-505660078-962826126-36322", "ObjectType": "Computer"}, {"ObjectIdentifier": "S-1-5-21-1993283815-505660078-962826126-33128", "ObjectType": "Computer"}, {"ObjectIdentifier": "S-1-5-21-1993283815-505660078-962826126-27852", "ObjectType": "Computer"}, {"ObjectIdentifier": "S-1-5-21-1993283815-505660078-962826126-27849", "ObjectType": "Computer"}, {"ObjectIdentifier": "S-1-5-21-1993283815-505660078-962826126-27846", "ObjectType": "Computer"}, {"ObjectIdentifier": "S-1-5-21-1993283815-505660078-962826126-27847", "ObjectType": "Computer"}, {"ObjectIdentifier": "S-1-5-21-1993283815-505660078-962826126-27848", "ObjectType": "Computer"}, {"ObjectIdentifier": "S-1-5-21-1993283815-505660078-962826126-33125", "ObjectType": "Computer"}, {"ObjectIdentifier": "S-1-5-21-1993283815-505660078-962826126-33118", "ObjectType": "Computer"}, {"ObjectIdentifier": "S-1-5-21-1993283815-505660078-962826126-17774", "ObjectType": "Computer"}, {"ObjectIdentifier": "S-1-5-21-1993283815-505660078-962826126-20475", "ObjectType": "Computer"}, {"ObjectIdentifier": "S-1-5-21-1993283815-505660078-962826126-20435", "ObjectType": "Computer"}, {"ObjectIdentifier": "S-1-5-21-1993283815-505660078-962826126-27825", "ObjectType": "Computer"}, {"ObjectIdentifier": "S-1-5-21-1993283815-505660078-962826126-27842", "ObjectType": "Computer"}, {"ObjectIdentifier": "S-1-5-21-1993283815-505660078-962826126-33127", "ObjectType": "Computer"}, {"ObjectIdentifier": "S-1-5-21-1993283815-505660078-962826126-25443", "ObjectType": "Computer"}, {"ObjectIdentifier": "S-1-5-21-1993283815-505660078-962826126-25452", "ObjectType": "Computer"}, {"ObjectIdentifier": "S-1-5-21-1993283815-505660078-962826126-25305", "ObjectType": "Computer"}, {"ObjectIdentifier": "S-1-5-21-1993283815-505660078-962826126-26219", "ObjectType": "Computer"}, {"ObjectIdentifier": "S-1-5-21-1993283815-505660078-962826126-26218", "ObjectType": "Computer"}, {"ObjectIdentifier": "S-1-5-21-1993283815-505660078-962826126-22619", "ObjectType": "Computer"}, {"ObjectIdentifier": "S-1-5-21-1993283815-505660078-962826126-23760", "ObjectType": "Computer"}]},{"ObjectIdentifier": "71974B19-3ADA-452D-AF11-DFBBECE2EC4F", "Properties": {"domain": "TDL.COM", "name": "USERS@TDL.COM", "distinguishedname": "CN=USERS,DC=TDL,DC=COM", "domainsid": "S-1-5-21-1993283815-505660078-962826126", "highvalue": false, "description": "Default container for upgraded user accounts", "whencreated": 1588659250}, "IsDeleted": false, "IsACLProtected": false, "Aces": [{"RightName": "Owns", "IsInherited": false, "PrincipalSID": "S-1-5-21-1993283815-505660078-962826126-512", "PrincipalType": "Group"}, {"RightName": "WriteOwner", "IsInherited": false, "PrincipalSID": "S-1-5-21-1993283815-505660078-962826126-512", "PrincipalType": "Group"}, {"RightName": "WriteDacl", "IsInherited": false, "PrincipalSID": "S-1-5-21-1993283815-505660078-962826126-512", "PrincipalType": "Group"}, {"RightName": "GenericAll", "IsInherited": true, "PrincipalSID": "S-1-5-21-1993283815-505660078-962826126-519", "PrincipalType": "Group"}, {"RightName": "WriteOwner", "IsInherited": true, "PrincipalSID": "TDL.COM-S-1-5-32-544", "PrincipalType": "Group"}, {"RightName": "WriteDacl", "IsInherited": true, "PrincipalSID": "TDL.COM-S-1-5-32-544", "PrincipalType": "Group"}], "ChildObjects": [{"ObjectIdentifier": "S-1-5-21-1993283815-505660078-962826126-4200", "ObjectType": "User"}, {"ObjectIdentifier": "S-1-5-21-1993283815-505660078-962826126-4204", "ObjectType": "User"}, {"ObjectIdentifier": "S-1-5-21-1993283815-505660078-962826126-4199", "ObjectType": "User"}, {"ObjectIdentifier": "S-1-5-21-1993283815-505660078-962826126-4206", "ObjectType": "User"}, {"ObjectIdentifier": "S-1-5-21-1993283815-505660078-962826126-4205", "ObjectType": "User"}, {"ObjectIdentifier": "S-1-5-21-1993283815-505660078-962826126-4198", "ObjectType": "User"}, {"ObjectIdentifier": "S-1-5-21-1993283815-505660078-962826126-518", "ObjectType": "Group"}, {"ObjectIdentifier": "S-1-5-21-1993283815-505660078-962826126-521", "ObjectType": "Group"}, {"ObjectIdentifier": "S-1-5-21-1993283815-505660078-962826126-553", "ObjectType": "Group"}, {"ObjectIdentifier": "S-1-5-21-1993283815-505660078-962826126-525", "ObjectType": "Group"}, {"ObjectIdentifier": "S-1-5-21-1993283815-505660078-962826126-2105", "ObjectType": "User"}, {"ObjectIdentifier": "S-1-5-21-1993283815-505660078-962826126-1110", "ObjectType": "User"}, {"ObjectIdentifier": "S-1-5-21-1993283815-505660078-962826126-3583", "ObjectType": "User"}, {"ObjectIdentifier": "S-1-5-21-1993283815-505660078-962826126-1603", "ObjectType": "User"}, {"ObjectIdentifier": "S-1-5-21-1993283815-505660078-962826126-4202", "ObjectType": "User"}, {"ObjectIdentifier": "S-1-5-21-1993283815-505660078-962826126-502", "ObjectType": "User"}, {"ObjectIdentifier": "S-1-5-21-1993283815-505660078-962826126-526", "ObjectType": "Group"}, {"ObjectIdentifier": "S-1-5-21-1993283815-505660078-962826126-501", "ObjectType": "User"}, {"ObjectIdentifier": "S-1-5-21-1993283815-505660078-962826126-520", "ObjectType": "Group"}, {"ObjectIdentifier": "S-1-5-21-1993283815-505660078-962826126-4203", "ObjectType": "User"}, {"ObjectIdentifier": "S-1-5-21-1993283815-505660078-962826126-498", "ObjectType": "Group"}, {"ObjectIdentifier": "S-1-5-21-1993283815-505660078-962826126-527", "ObjectType": "Group"}, {"ObjectIdentifier": "S-1-5-21-1993283815-505660078-962826126-519", "ObjectType": "Group"}, {"ObjectIdentifier": "S-1-5-21-1993283815-505660078-962826126-513", "ObjectType": "Group"}, {"ObjectIdentifier": "S-1-5-21-1993283815-505660078-962826126-514", "ObjectType": "Group"}, {"ObjectIdentifier": "S-1-5-21-1993283815-505660078-962826126-516", "ObjectType": "Group"}, {"ObjectIdentifier": "S-1-5-21-1993283815-505660078-962826126-515", "ObjectType": "Group"}, {"ObjectIdentifier": "S-1-5-21-1993283815-505660078-962826126-512", "ObjectType": "Group"}, {"ObjectIdentifier": "S-1-5-21-1993283815-505660078-962826126-1102", "ObjectType": "Group"}, {"ObjectIdentifier": "S-1-5-21-1993283815-505660078-962826126-1101", "ObjectType": "Group"}, {"ObjectIdentifier": "S-1-5-21-1993283815-505660078-962826126-4201", "ObjectType": "User"}, {"ObjectIdentifier": "S-1-5-21-1993283815-505660078-962826126-1114", "ObjectType": "Group"}, {"ObjectIdentifier": "S-1-5-21-1993283815-505660078-962826126-1115", "ObjectType": "Group"}, {"ObjectIdentifier": "S-1-5-21-1993283815-505660078-962826126-572", "ObjectType": "Group"}, {"ObjectIdentifier": "S-1-5-21-1993283815-505660078-962826126-522", "ObjectType": "Group"}, {"ObjectIdentifier": "S-1-5-21-1993283815-505660078-962826126-517", "ObjectType": "Group"}, {"ObjectIdentifier": "S-1-5-21-1993283815-505660078-962826126-35101", "ObjectType": "User"}, {"ObjectIdentifier": "S-1-5-21-1993283815-505660078-962826126-571", "ObjectType": "Group"}, {"ObjectIdentifier": "S-1-5-21-1993283815-505660078-962826126-1108", "ObjectType": "Group"}, {"ObjectIdentifier": "S-1-5-21-1993283815-505660078-962826126-1106", "ObjectType": "Group"}, {"ObjectIdentifier": "S-1-5-21-1993283815-505660078-962826126-1107", "ObjectType": "Group"}, {"ObjectIdentifier": "S-1-5-21-1993283815-505660078-962826126-1105", "ObjectType": "Group"}, {"ObjectIdentifier": "S-1-5-21-1993283815-505660078-962826126-3892", "ObjectType": "User"}, {"ObjectIdentifier": "S-1-5-21-1993283815-505660078-962826126-3703", "ObjectType": "User"}, {"ObjectIdentifier": "S-1-5-21-1993283815-505660078-962826126-7601", "ObjectType": "User"}, {"ObjectIdentifier": "S-1-5-21-1993283815-505660078-962826126-1602", "ObjectType": "User"}]},{"ObjectIdentifier": "5C5F134D-D256-4095-BD51-5BBF25996794", "Properties": {"domain": "TDL.COM", "name": "IEEE80211@TDL.COM", "distinguishedname": "CN=IEEE80211,CN=WINDOWS,CN=MICROSOFT,CN=MACHINE,CN={EF852972-9A09-4643-BCDE-21C065E4B87B},CN=POLICIES,CN=SYSTEM,DC=TDL,DC=COM", "domainsid": "S-1-5-21-1993283815-505660078-962826126", "highvalue": false, "description": "", "whencreated": 1680330895}, "IsDeleted": false, "IsACLProtected": false, "Aces": [{"RightName": "Owns", "IsInherited": false, "PrincipalSID": "S-1-5-21-1993283815-505660078-962826126-512", "PrincipalType": "Group"}, {"RightName": "GenericAll", "IsInherited": false, "PrincipalSID": "S-1-5-21-1993283815-505660078-962826126-512", "PrincipalType": "Group"}, {"RightName": "WriteOwner", "IsInherited": true, "PrincipalSID": "S-1-5-21-1993283815-505660078-962826126-512", "PrincipalType": "Group"}, {"RightName": "WriteDacl", "IsInherited": true, "PrincipalSID": "S-1-5-21-1993283815-505660078-962826126-512", "PrincipalType": "Group"}, {"RightName": "WriteOwner", "IsInherited": true, "PrincipalSID": "S-1-5-21-1993283815-505660078-962826126-519", "PrincipalType": "Group"}, {"RightName": "WriteDacl", "IsInherited": true, "PrincipalSID": "S-1-5-21-1993283815-505660078-962826126-519", "PrincipalType": "Group"}], "ChildObjects": []},{"ObjectIdentifier": "69B20FE4-8B77-4F72-A11B-BD8A0064F9CC", "Properties": {"domain": "TDL.COM", "name": "WINDOWS@TDL.COM", "distinguishedname": "CN=WINDOWS,CN=MICROSOFT,CN=MACHINE,CN={EF852972-9A09-4643-BCDE-21C065E4B87B},CN=POLICIES,CN=SYSTEM,DC=TDL,DC=COM", "domainsid": "S-1-5-21-1993283815-505660078-962826126", "highvalue": false, "description": "", "whencreated": 1680330895}, "IsDeleted": false, "IsACLProtected": false, "Aces": [{"RightName": "Owns", "IsInherited": false, "PrincipalSID": "S-1-5-21-1993283815-505660078-962826126-512", "PrincipalType": "Group"}, {"RightName": "GenericAll", "IsInherited": false, "PrincipalSID": "S-1-5-21-1993283815-505660078-962826126-512", "PrincipalType": "Group"}, {"RightName": "WriteOwner", "IsInherited": true, "PrincipalSID": "S-1-5-21-1993283815-505660078-962826126-512", "PrincipalType": "Group"}, {"RightName": "WriteDacl", "IsInherited": true, "PrincipalSID": "S-1-5-21-1993283815-505660078-962826126-512", "PrincipalType": "Group"}, {"RightName": "WriteOwner", "IsInherited": true, "PrincipalSID": "S-1-5-21-1993283815-505660078-962826126-519", "PrincipalType": "Group"}, {"RightName": "WriteDacl", "IsInherited": true, "PrincipalSID": "S-1-5-21-1993283815-505660078-962826126-519", "PrincipalType": "Group"}], "ChildObjects": []},{"ObjectIdentifier": "50E0A5FB-7FFC-40F0-87DD-0F57B48354EA", "Properties": {"domain": "TDL.COM", "name": "MICROSOFT@TDL.COM", "distinguishedname": "CN=MICROSOFT,CN=MACHINE,CN={EF852972-9A09-4643-BCDE-21C065E4B87B},CN=POLICIES,CN=SYSTEM,DC=TDL,DC=COM", "domainsid": "S-1-5-21-1993283815-505660078-962826126", "highvalue": false, "description": "", "whencreated": 1680330895}, "IsDeleted": false, "IsACLProtected": false, "Aces": [{"RightName": "Owns", "IsInherited": false, "PrincipalSID": "S-1-5-21-1993283815-505660078-962826126-512", "PrincipalType": "Group"}, {"RightName": "GenericAll", "IsInherited": false, "PrincipalSID": "S-1-5-21-1993283815-505660078-962826126-512", "PrincipalType": "Group"}, {"RightName": "WriteOwner", "IsInherited": true, "PrincipalSID": "S-1-5-21-1993283815-505660078-962826126-512", "PrincipalType": "Group"}, {"RightName": "WriteDacl", "IsInherited": true, "PrincipalSID": "S-1-5-21-1993283815-505660078-962826126-512", "PrincipalType": "Group"}, {"RightName": "WriteOwner", "IsInherited": true, "PrincipalSID": "S-1-5-21-1993283815-505660078-962826126-519", "PrincipalType": "Group"}, {"RightName": "WriteDacl", "IsInherited": true, "PrincipalSID": "S-1-5-21-1993283815-505660078-962826126-519", "PrincipalType": "Group"}], "ChildObjects": []},{"ObjectIdentifier": "9925E106-BAEE-4320-939E-B634D1DD33F7", "Properties": {"domain": "TDL.COM", "name": "IEEE80211@TDL.COM", "distinguishedname": "CN=IEEE80211,CN=WINDOWS,CN=MICROSOFT,CN=MACHINE,CN={8D7BF849-66DD-4889-9DD9-F180D2068CCE},CN=POLICIES,CN=SYSTEM,DC=TDL,DC=COM", "domainsid": "S-1-5-21-1993283815-505660078-962826126", "highvalue": false, "description": "", "whencreated": 1648557900}, "IsDeleted": false, "IsACLProtected": false, "Aces": [{"RightName": "Owns", "IsInherited": false, "PrincipalSID": "S-1-5-21-1993283815-505660078-962826126-512", "PrincipalType": "Group"}, {"RightName": "GenericAll", "IsInherited": false, "PrincipalSID": "S-1-5-21-1993283815-505660078-962826126-512", "PrincipalType": "Group"}, {"RightName": "WriteOwner", "IsInherited": true, "PrincipalSID": "S-1-5-21-1993283815-505660078-962826126-512", "PrincipalType": "Group"}, {"RightName": "WriteDacl", "IsInherited": true, "PrincipalSID": "S-1-5-21-1993283815-505660078-962826126-512", "PrincipalType": "Group"}, {"RightName": "WriteOwner", "IsInherited": true, "PrincipalSID": "S-1-5-21-1993283815-505660078-962826126-519", "PrincipalType": "Group"}, {"RightName": "WriteDacl", "IsInherited": true, "PrincipalSID": "S-1-5-21-1993283815-505660078-962826126-519", "PrincipalType": "Group"}, {"RightName": "WriteOwner", "IsInherited": true, "PrincipalSID": "S-1-5-21-1993283815-505660078-962826126-512", "PrincipalType": "Group"}, {"RightName": "WriteDacl", "IsInherited": true, "PrincipalSID": "S-1-5-21-1993283815-505660078-962826126-512", "PrincipalType": "Group"}], "ChildObjects": []},{"ObjectIdentifier": "0E4E43C1-8D8B-48ED-9EF9-FCA606067F17", "Properties": {"domain": "TDL.COM", "name": "WINDOWS@TDL.COM", "distinguishedname": "CN=WINDOWS,CN=MICROSOFT,CN=MACHINE,CN={8D7BF849-66DD-4889-9DD9-F180D2068CCE},CN=POLICIES,CN=SYSTEM,DC=TDL,DC=COM", "domainsid": "S-1-5-21-1993283815-505660078-962826126", "highvalue": false, "description": "", "whencreated": 1648557900}, "IsDeleted": false, "IsACLProtected": false, "Aces": [{"RightName": "Owns", "IsInherited": false, "PrincipalSID": "S-1-5-21-1993283815-505660078-962826126-512", "PrincipalType": "Group"}, {"RightName": "GenericAll", "IsInherited": false, "PrincipalSID": "S-1-5-21-1993283815-505660078-962826126-512", "PrincipalType": "Group"}, {"RightName": "WriteOwner", "IsInherited": true, "PrincipalSID": "S-1-5-21-1993283815-505660078-962826126-512", "PrincipalType": "Group"}, {"RightName": "WriteDacl", "IsInherited": true, "PrincipalSID": "S-1-5-21-1993283815-505660078-962826126-512", "PrincipalType": "Group"}, {"RightName": "WriteOwner", "IsInherited": true, "PrincipalSID": "S-1-5-21-1993283815-505660078-962826126-519", "PrincipalType": "Group"}, {"RightName": "WriteDacl", "IsInherited": true, "PrincipalSID": "S-1-5-21-1993283815-505660078-962826126-519", "PrincipalType": "Group"}, {"RightName": "WriteOwner", "IsInherited": true, "PrincipalSID": "S-1-5-21-1993283815-505660078-962826126-512", "PrincipalType": "Group"}, {"RightName": "WriteDacl", "IsInherited": true, "PrincipalSID": "S-1-5-21-1993283815-505660078-962826126-512", "PrincipalType": "Group"}], "ChildObjects": []},{"ObjectIdentifier": "11F07BAA-625B-438F-8248-C7DE80C57DB6", "Properties": {"domain": "TDL.COM", "name": "MICROSOFT@TDL.COM", "distinguishedname": "CN=MICROSOFT,CN=MACHINE,CN={8D7BF849-66DD-4889-9DD9-F180D2068CCE},CN=POLICIES,CN=SYSTEM,DC=TDL,DC=COM", "domainsid": "S-1-5-21-1993283815-505660078-962826126", "highvalue": false, "description": "", "whencreated": 1648557900}, "IsDeleted": false, "IsACLProtected": false, "Aces": [{"RightName": "Owns", "IsInherited": false, "PrincipalSID": "S-1-5-21-1993283815-505660078-962826126-512", "PrincipalType": "Group"}, {"RightName": "GenericAll", "IsInherited": false, "PrincipalSID": "S-1-5-21-1993283815-505660078-962826126-512", "PrincipalType": "Group"}, {"RightName": "WriteOwner", "IsInherited": true, "PrincipalSID": "S-1-5-21-1993283815-505660078-962826126-512", "PrincipalType": "Group"}, {"RightName": "WriteDacl", "IsInherited": true, "PrincipalSID": "S-1-5-21-1993283815-505660078-962826126-512", "PrincipalType": "Group"}, {"RightName": "WriteOwner", "IsInherited": true, "PrincipalSID": "S-1-5-21-1993283815-505660078-962826126-519", "PrincipalType": "Group"}, {"RightName": "WriteDacl", "IsInherited": true, "PrincipalSID": "S-1-5-21-1993283815-505660078-962826126-519", "PrincipalType": "Group"}, {"RightName": "WriteOwner", "IsInherited": true, "PrincipalSID": "S-1-5-21-1993283815-505660078-962826126-512", "PrincipalType": "Group"}, {"RightName": "WriteDacl", "IsInherited": true, "PrincipalSID": "S-1-5-21-1993283815-505660078-962826126-512", "PrincipalType": "Group"}], "ChildObjects": []},{"ObjectIdentifier": "56EF7C7F-ACC7-4B54-AF3C-84EEABDEF7FB", "Properties": {"domain": "TDL.COM", "name": "WIRELESS@TDL.COM", "distinguishedname": "CN=WIRELESS,CN=WINDOWS,CN=MICROSOFT,CN=MACHINE,CN={F5DC521B-0281-4DE9-8E31-16EF13067C27},CN=POLICIES,CN=SYSTEM,DC=TDL,DC=COM", "domainsid": "S-1-5-21-1993283815-505660078-962826126", "highvalue": false, "description": "", "whencreated": 1634890359}, "IsDeleted": false, "IsACLProtected": false, "Aces": [{"RightName": "Owns", "IsInherited": false, "PrincipalSID": "S-1-5-21-1993283815-505660078-962826126-512", "PrincipalType": "Group"}, {"RightName": "GenericAll", "IsInherited": false, "PrincipalSID": "S-1-5-21-1993283815-505660078-962826126-512", "PrincipalType": "Group"}, {"RightName": "WriteOwner", "IsInherited": true, "PrincipalSID": "S-1-5-21-1993283815-505660078-962826126-512", "PrincipalType": "Group"}, {"RightName": "WriteDacl", "IsInherited": true, "PrincipalSID": "S-1-5-21-1993283815-505660078-962826126-512", "PrincipalType": "Group"}, {"RightName": "WriteOwner", "IsInherited": true, "PrincipalSID": "S-1-5-21-1993283815-505660078-962826126-519", "PrincipalType": "Group"}, {"RightName": "WriteDacl", "IsInherited": true, "PrincipalSID": "S-1-5-21-1993283815-505660078-962826126-519", "PrincipalType": "Group"}], "ChildObjects": []}],"meta":{"methods":0,"type":"containers","count":34, "version":5}}